DROP TABLE child_menu;
CREATE TABLE child_menu (id int NOT NULL AUTO_INCREMENT, menu_id int, path varchar(100) COLLATE utf8mb4_unicode_ci, name varchar(100) COLLATE utf8mb4_unicode_ci, hidden tinyint(1), status tinyint(1), update_time datetime, create_time datetime, PRIMARY KEY (id)) ENGINE=InnoDB DEFAULT CHARSET=utf8mb4;
INSERT INTO child_menu (id, menu_id, path, name, hidden, status, update_time, create_time) VALUES (1, 1, '/main', '主页', true, true, '2017-08-04 17:33:44', '2017-08-04 17:33:44');
INSERT INTO child_menu (id, menu_id, path, name, hidden, status, update_time, create_time) VALUES (2, 1, '/table', 'Table', false, true, '2017-08-04 17:33:44', '2017-08-04 17:33:44');
INSERT INTO child_menu (id, menu_id, path, name, hidden, status, update_time, create_time) VALUES (3, 1, '/form', 'Form', false, true, '2017-08-04 17:33:44', '2017-08-04 17:33:44');
INSERT INTO child_menu (id, menu_id, path, name, hidden, status, update_time, create_time) VALUES (4, 1, '/user', '列表', false, true, '2017-08-04 17:33:44', '2017-08-04 17:33:44');
INSERT INTO child_menu (id, menu_id, path, name, hidden, status, update_time, create_time) VALUES (5, 2, '/page4', '页面4', false, true, '2017-08-04 17:33:44', '2017-08-04 17:33:44');
INSERT INTO child_menu (id, menu_id, path, name, hidden, status, update_time, create_time) VALUES (6, 2, '/page5', '页面5', false, true, '2017-08-04 17:33:44', '2017-08-04 17:33:44');
INSERT INTO child_menu (id, menu_id, path, name, hidden, status, update_time, create_time) VALUES (7, 3, '/page6', '导航三', false, true, '2017-08-04 17:33:44', '2017-08-04 17:33:44');
INSERT INTO child_menu (id, menu_id, path, name, hidden, status, update_time, create_time) VALUES (8, 4, '/echarts', 'echarts', false, true, '2017-08-04 17:33:44', '2017-08-04 17:33:44');
DROP TABLE menu;
CREATE TABLE menu (id int NOT NULL AUTO_INCREMENT, path varchar(100) COLLATE utf8mb4_unicode_ci, name varchar(100) COLLATE utf8mb4_unicode_ci, iconCls varchar(100) COLLATE utf8mb4_unicode_ci, leaf tinyint(1), hidden tinyint(1), status tinyint(1), update_time datetime, create_time datetime, PRIMARY KEY (id)) ENGINE=InnoDB DEFAULT CHARSET=utf8mb4;
INSERT INTO menu (id, path, name, iconCls, leaf, hidden, status, update_time, create_time) VALUES (1, '/', '导航一', 'el-icon-message', false, false, true, '2017-08-04 17:00:00', '2017-08-04 17:00:00');
INSERT INTO menu (id, path, name, iconCls, leaf, hidden, status, update_time, create_time) VALUES (2, '/', '导航二', 'fa fa-id-card-o', false, false, true, '2017-08-04 17:00:00', '2017-08-04 17:00:00');
INSERT INTO menu (id, path, name, iconCls, leaf, hidden, status, update_time, create_time) VALUES (3, '/', '导航三', 'fa fa-address-card', false, false, true, '2017-08-04 17:00:00', '2017-08-04 17:00:00');
INSERT INTO menu (id, path, name, iconCls, leaf, hidden, status, update_time, create_time) VALUES (4, '/', 'Charts', 'fa fa-bar-chart', false, false, true, '2017-08-04 17:00:00', '2017-08-04 17:00:00');
INSERT INTO menu (id, path, name, iconCls, leaf, hidden, status, update_time, create_time) VALUES (5, '/login', '', '', false, true, true, '2017-08-04 17:00:00', '2017-08-04 17:00:00');
INSERT INTO menu (id, path, name, iconCls, leaf, hidden, status, update_time, create_time) VALUES (6, '/404', '', '', false, true, true, '2017-08-04 17:00:00', '2017-08-04 17:00:00');
DROP TABLE user;
CREATE TABLE user (id int NOT NULL AUTO_INCREMENT, user_id int, user_name varchar(45) COLLATE utf8mb4_unicode_ci, password varchar(100) COLLATE utf8mb4_unicode_ci, update_time datetime, create_time datetime, PRIMARY KEY (id)) ENGINE=InnoDB DEFAULT CHARSET=utf8mb4;
INSERT INTO user (id, user_id, user_name, password, update_time, create_time) VALUES (1, 1, 'admin', 'admin', '2017-08-04 15:00:00', '2017-08-04 15:00:00');
DROP TABLE user_cpermission;
CREATE TABLE user_cpermission (id int NOT NULL AUTO_INCREMENT, user_id int NOT NULL, menu_id int, child_id int NOT NULL, status tinyint(1) DEFAULT 0, update_time datetime, create_time datetime, PRIMARY KEY (id)) ENGINE=InnoDB DEFAULT CHARSET=utf8mb4;
INSERT INTO user_cpermission (id, user_id, menu_id, child_id, status, update_time, create_time) VALUES (1, 1, 1, 1, true, '2017-08-04 15:00:00', '2017-08-04 15:00:00');
INSERT INTO user_cpermission (id, user_id, menu_id, child_id, status, update_time, create_time) VALUES (2, 1, 1, 2, true, '2017-08-04 15:00:00', '2017-08-04 15:00:00');
INSERT INTO user_cpermission (id, user_id, menu_id, child_id, status, update_time, create_time) VALUES (3, 1, 2, 5, true, '2017-08-04 15:00:00', '2017-08-04 15:00:00');
INSERT INTO user_cpermission (id, user_id, menu_id, child_id, status, update_time, create_time) VALUES (4, 1, 3, 7, true, '2017-08-04 15:00:00', '2017-08-04 15:00:00');
INSERT INTO user_cpermission (id, user_id, menu_id, child_id, status, update_time, create_time) VALUES (5, 1, 4, 8, true, '2017-08-04 15:00:00', '2017-08-04 15:00:00');
DROP TABLE user_mpermission;
CREATE TABLE user_mpermission (id int NOT NULL AUTO_INCREMENT, user_id int NOT NULL, menu_id int NOT NULL, status tinyint(1) DEFAULT 0, update_time datetime, create_time datetime, PRIMARY KEY (id)) ENGINE=InnoDB DEFAULT CHARSET=utf8mb4;
INSERT INTO user_mpermission (id, user_id, menu_id, status, update_time, create_time) VALUES (1, 1, 1, true, '2017-08-04 17:00:00', '2017-08-04 17:00:00');
INSERT INTO user_mpermission (id, user_id, menu_id, status, update_time, create_time) VALUES (2, 1, 2, true, '2017-08-04 17:00:00', '2017-08-04 17:00:00');
INSERT INTO user_mpermission (id, user_id, menu_id, status, update_time, create_time) VALUES (3, 1, 3, true, '2017-08-04 17:00:00', '2017-08-04 17:00:00');
INSERT INTO user_mpermission (id, user_id, menu_id, status, update_time, create_time) VALUES (4, 1, 4, true, '2017-08-04 17:00:00', '2017-08-04 17:00:00');
